{"stats":{"minecraft:custom":{"minecraft:time_since_rest":319354,"minecraft:sprint_one_cm":265726,"minecraft:walk_one_cm":700570,"minecraft:mob_kills":2,"minecraft:drop":3,"minecraft:damage_dealt":120,"minecraft:target_hit":18,"minecraft:fly_one_cm":1048113,"minecraft:crouch_one_cm":8999,"minecraft:play_time":319354,"minecraft:sneak_time":4226,"minecraft:jump":2107,"minecraft:leave_game":9,"minecraft:time_since_death":319354,"minecraft:total_world_time":392489,"minecraft:fall_one_cm":209},"minecraft:picked_up":{"minecraft:stone_button":4,"minecraft:soul_torch":1,"minecraft:redstone":3,"minecraft:item_frame":8,"minecraft:oak_sign":11,"minecraft:lever":2,"minecraft:oak_button":14},"minecraft:killed":{"minecraft:bat":1},"minecraft:dropped":{"minecraft:bow":2,"minecraft:firework_rocket":1},"minecraft:used":{"minecraft:shroomlight":16,"minecraft:redstone_torch":1,"minecraft:black_terracotta":1,"minecraft:lever":7,"minecraft:black_concrete":66,"minecraft:firework_rocket":58,"minecraft:command_block":93,"minecraft:red_wool":19,"minecraft:armor_stand":56,"minecraft:redstone":106,"minecraft:oak_button":50,"minecraft:lime_wool":8,"minecraft:stone_button":7,"minecraft:oak_sign":65,"minecraft:green_wool":1,"minecraft:blackstone":159,"minecraft:stone":249,"minecraft:black_glazed_terracotta":1,"minecraft:oak_pressure_plate":4,"minecraft:horse_spawn_egg":1,"minecraft:item_frame":478,"minecraft:white_wool":6,"minecraft:green_glazed_terracotta":10,"minecraft:glowstone":308,"minecraft:repeater":22,"minecraft:comparator":3,"minecraft:target":1,"minecraft:bow":42,"minecraft:yellow_glazed_terracotta":4,"minecraft:chain_command_block":96,"minecraft:repeating_command_block":10,"minecraft:cave_spider_spawn_egg":24,"minecraft:oak_boat":8,"minecraft:black_concrete_powder":1,"minecraft:waxed_copper_bulb":1,"minecraft:dark_oak_door":3,"minecraft:soul_torch":20,"minecraft:lime_glazed_terracotta":2}},"DataVersion":3953}