{"stats":{"minecraft:custom":{"minecraft:jump":58,"minecraft:time_since_rest":3238,"minecraft:leave_game":1,"minecraft:interact_with_furnace":10,"minecraft:sprint_one_cm":3269,"minecraft:play_time":3238,"minecraft:time_since_death":3238,"minecraft:walk_one_cm":12224,"minecraft:sneak_time":5,"minecraft:total_world_time":3307,"minecraft:fly_one_cm":41329},"minecraft:picked_up":{"minecraft:oak_log":62,"minecraft:baked_potato":2,"minecraft:lever":4,"minecraft:potato":62},"minecraft:used":{"minecraft:water_bucket":1,"minecraft:furnace":1,"minecraft:grass_block":34}},"DataVersion":3953}