{"stats":{"minecraft:custom":{"minecraft:time_since_rest":21593,"minecraft:deaths":6,"minecraft:crouch_one_cm":252,"minecraft:sprint_one_cm":379,"minecraft:interact_with_furnace":2,"minecraft:play_time":22287,"minecraft:damage_taken":1440,"minecraft:walk_one_cm":17026,"minecraft:sneak_time":290,"minecraft:drop":1,"minecraft:jump":29,"minecraft:leave_game":3,"minecraft:time_since_death":21570,"minecraft:total_world_time":22906,"minecraft:fly_one_cm":45612},"minecraft:picked_up":{"minecraft:cooked_beef":6,"minecraft:lever":3,"minecraft:beef":58,"minecraft:oak_sapling":1,"minecraft:coal":48},"minecraft:dropped":{"minecraft:oak_sapling":1},"minecraft:used":{"minecraft:lever":1,"minecraft:dirt":1,"minecraft:redstone_lamp":4,"minecraft:command_block":2,"minecraft:furnace":1,"minecraft:oak_sapling":1,"minecraft:grass_block":86,"minecraft:oak_button":1,"minecraft:chain_command_block":7,"minecraft:bone_meal":4}},"DataVersion":3953}