{"stats":{"minecraft:custom":{"minecraft:time_since_rest":11508,"minecraft:crouch_one_cm":771,"minecraft:play_time":11508,"minecraft:sprint_one_cm":22425,"minecraft:walk_one_cm":28490,"minecraft:sneak_time":356,"minecraft:drop":4,"minecraft:jump":136,"minecraft:damage_dealt":10,"minecraft:leave_game":1,"minecraft:time_since_death":11508,"minecraft:total_world_time":35248,"minecraft:fly_one_cm":102494},"minecraft:picked_up":{"minecraft:item_frame":1,"minecraft:stone_button":2},"minecraft:dropped":{"minecraft:bamboo_sign":4},"minecraft:used":{"minecraft:yellow_wool":1,"minecraft:item_frame":1,"minecraft:repeater":2,"minecraft:command_block":1,"minecraft:stone_button":2,"minecraft:bamboo_sign":11,"minecraft:blue_wool":3,"minecraft:blackstone":4,"minecraft:repeating_command_block":1,"minecraft:stone":4}},"DataVersion":3953}