{"stats":{"minecraft:used":{"minecraft:redstone":2,"minecraft:barrier":13,"minecraft:stone_button":1,"minecraft:blackstone":10,"minecraft:repeater":2,"minecraft:target":1,"minecraft:bow":10},"minecraft:custom":{"minecraft:jump":101,"minecraft:time_since_rest":18479,"minecraft:leave_game":1,"minecraft:crouch_one_cm":6632,"minecraft:sprint_one_cm":7050,"minecraft:play_time":18479,"minecraft:damage_taken":110,"minecraft:time_since_death":18479,"minecraft:walk_one_cm":24259,"minecraft:sneak_time":3842,"minecraft:total_world_time":26474,"minecraft:target_hit":3,"minecraft:fall_one_cm":1325,"minecraft:fly_one_cm":53419}},"DataVersion":3953}